lakeCode|fishType|countCaught|avgLen|avgWt|surveyDt|score
AA169|Black Crappie|15|8.2|0.31|6/8/2012|7.836666667
AA169|Bluegill|27|6.2|0.22|6/8/2012|11.14
AA169|Largemouth Bass|35|8.8|0.4|6/8/2012|14.73333333
AFT88|Black Crappie|15|9.2|0.44|5/20/2014|8.213333333
AFT88|Bluegill|24|6.2|0.23|5/20/2014|10.14333333
AFT88|Channel Catfish|1|17.9|2.3|5/20/2014|7.066666667
AFT88|Largemouth Bass|37|10.6|0.67|5/20/2014|16.09
AHP24|Black Bullhead|30|9.6|0.49|6/14/2011|13.36333333
AHP24|Black Crappie|15|5.9|0.12|6/14/2011|7.006666667
AHP24|Bluegill|46|6.2|0.22|6/14/2011|17.47333333
AHP24|Largemouth Bass|44|13.3|1.33|6/14/2011|19.54333333
AIR19|Black Crappie|1|6.6|0.18|10/19/2009|2.593333333
AIR19|Bluegill|20|5.4|0.12|10/19/2009|8.506666667
AIR19|Largemouth Bass|1|4.7|0.07|10/19/2009|1.923333333
AIR19|Yellow Perch|21|7.5|0.19|10/19/2009|9.563333333
ALL68|Black Crappie|1|5.7|0.11|5/8/2007|2.27
ALL68|Bluegill|79|6.8|0.3|5/8/2007|28.7
ALL68|Channel Catfish|1|20.2|3.09|5/8/2007|8.096666667
ALL68|Largemouth Bass|82|11.2|0.86|5/8/2007|31.35333333
ALL68|Yellow Bass|21|8.7|0.45|5/8/2007|10.05
ANK77|Black Crappie|17|8.7|0.28|5/10/2014|8.66
ANK77|Bluegill|35|6.6|0.18|5/10/2014|13.92666667
ANK77|Largemouth Bass|29|12.7|1.06|5/10/2014|14.25333333
APE95|Bluegill|7|5.9|0.17|7/7/2009|4.356666667
APE95|Largemouth Bass|18|9.3|0.4|7/7/2009|9.233333333
APM95|Largemouth Bass|18|8.2|0.31|7/7/2009|8.836666667
APN95|Black Bullhead|1|6.4|0.15|7/10/2013|2.516666667
APN95|Bluegill|16|5|0.12|7/10/2013|7.04
APN95|Bigmouth Buffalo|2|15.1|2.21|7/10/2013|6.436666667
APN95|Common Carp|1|14.2|1.58|7/10/2013|5.593333333
APP72|Bluegill|26|4.4|0.06|10/16/2013|10.15333333
APP72|Bigmouth Buffalo|3|30.6|16.77|10/16/2013|16.79
APP72|Channel Catfish|1|19.7|2.2|10/16/2013|7.633333333
APP72|Common Carp|19|19.7|3.16|10/16/2013|13.95333333
APP72|Green Sunfish|2|5.9|0.12|10/16/2013|2.673333333
APP72|Largemouth Bass|44|9.2|0.63|10/16/2013|17.94333333
APP72|Walleye|5|16|2.2|10/16/2013|7.733333333
APP72|White Sucker|5|14.9|1.19|10/16/2013|7.03
APP72|Yellow Perch|1|6.5|0.11|10/16/2013|2.536666667
ARR81|Black Crappie|11|3.5|0.04|5/23/2013|4.846666667
ARR81|Bluegill|27|6.1|0.23|5/23/2013|11.11
ARR81|Channel Catfish|79|15.7|1.46|5/23/2013|32.05333333
ARR81|Common Carp|3|32|18|5/23/2013|17.66666667
ARR81|Green Sunfish|2|6.1|0.38|5/23/2013|2.826666667
ARR81|Largemouth Bass|60|7.6|0.34|5/23/2013|22.64666667
ARR81|Yellow Perch|6|8.2|0.27|5/23/2013|4.823333333
ARR81|Yellow Bass|11|10.8|0.66|5/23/2013|7.486666667
ASA09|Black Crappie|6|6.1|0.06|10/2/2012|4.053333333
ASA09|Bluegill|1|3.9|0.02|10/2/2012|1.64
AUP68|Bluegill|70|6.3|0.24|5/8/2007|25.51333333
AUP68|Largemouth Bass|36|12.4|1.03|5/8/2007|16.47666667
AUP68|White Crappie|107|9|0.38|5/8/2007|38.79333333
AUP68|Yellow Bass|11|7.1|0.27|5/8/2007|6.123333333
AWY07|Bluegill|6|3.9|0.08|5/25/2012|3.326666667
AWY07|Largemouth Bass|8|7.1|0.18|5/25/2012|5.093333333
AWY07|Yellow Perch|2|8.6|0.25|5/25/2012|3.616666667
BAC61|Black Bullhead|13|12.1|1.14|6/3/2014|8.746666667
BAC61|Black Crappie|20|6.8|0.21|6/3/2014|9.003333333
BAC61|Bluegill|11|6.1|0.23|6/3/2014|5.776666667
BAC61|Green Sunfish|1|6|0.23|6/3/2014|2.41
BAC61|Largemouth Bass|61|10.5|0.97|6/3/2014|24.15666667
BAC61|Redear Sunfish|5|9.7|0.85|6/3/2014|5.183333333
BAC61|White Crappie|8|7.1|0.21|6/3/2014|5.103333333
BD154|Bluegill|24|3.4|0.04|6/22/2009|9.146666667
BD154|Channel Catfish|24|14|0.91|6/22/2009|12.97
BD154|Green Sunfish|8|3.9|0.05|6/22/2009|3.983333333
BD154|Largemouth Bass|58|7.4|0.32|6/22/2009|21.90666667
BDL54|Largemouth Bass|4|12.3|1.2|7/16/2013|5.833333333
BEA25|Black Crappie|30|9.4|0.4|6/30/2014|13.26666667
BEA25|Bluegill|43|6.6|0.24|6/30/2014|16.61333333
BEA25|Channel Catfish|89|18.7|2.95|6/30/2014|36.88333333
BHA81|Black Bullhead|105|9.2|0.46|5/15/2012|38.22
BHA81|Black Crappie|109|7.8|0.31|5/15/2012|39.03666667
BHA81|Bluegill|64|5.3|0.17|5/15/2012|23.15666667
BHA81|Channel Catfish|181|15.2|1.39|5/15/2012|65.86333333
BHA81|Common Carp|150|15.6|3.11|5/15/2012|56.23666667
BHA81|Flathead Catfish|1|9.4|0.33|5/15/2012|3.576666667
BHA81|Freshwater Drum|18|8.2|0.29|5/15/2012|8.83
BHA81|Green Sunfish|22|5.1|0.13|5/15/2012|9.076666667
BHA81|Gizzard Shad|33|14|0.99|5/15/2012|15.99666667
BHA81|Largemouth Bass|59|13.2|1.54|5/15/2012|24.58
BHA81|Orangespotted Sunfish|1|3.6|0.03|5/15/2012|1.543333333
BHA81|Walleye|24|14.7|1.39|5/15/2012|13.36333333
BHA81|White Crappie|1|8.2|0.32|5/15/2012|3.173333333
BHA81|Yellow Bullhead|8|7.5|0.25|5/15/2012|5.25
BHA81|Yellow Perch|13|5.3|0.09|5/15/2012|6.13
BHA81|Yellow Bass|102|7.1|0.22|5/15/2012|36.44
BHP81|Black Bullhead|17|9.5|0.44|5/15/2012|8.98
BHP81|Black Crappie|3|5.5|0.08|5/15/2012|2.86
BHP81|Bluegill|40|4.7|0.08|5/15/2012|14.92666667
BHP81|Bigmouth Buffalo|2|19.3|4.84|5/15/2012|8.713333333
BHP81|Channel Catfish|1|25.4|7.72|5/15/2012|11.37333333
BHP81|Common Carp|40|18.5|3.24|5/15/2012|20.58
BHP81|Green Sunfish|6|5.9|0.18|5/15/2012|4.026666667
BHP81|Gizzard Shad|22|7.5|0.16|5/15/2012|9.886666667
BHP81|Largemouth Bass|48|11|0.77|5/15/2012|19.92333333
BHP81|Orangespotted Sunfish|2|4.8|0.08|5/15/2012|2.293333333
BHP81|Sunfish Mixed Species|9|4.8|0.09|5/15/2012|4.63
BHP81|White Sucker|3|13.3|1.08|5/15/2012|5.793333333
BHP81|Yellow Perch|6|6.2|0.1|5/15/2012|4.1
BIC77|Black Crappie|5|9.9|0.54|9/24/2014|5.146666667
BIC77|Bluegill|22|7.5|0.38|9/24/2014|9.96
BIC77|Channel Catfish|3|21.8|4.05|9/24/2014|9.616666667
BIC77|Common Carp|11|20.1|4.42|9/24/2014|11.84
BIC77|River Carpsucker|1|17.9|3|9/24/2014|7.3
BIC77|Walleye|48|12.5|0.62|9/24/2014|20.37333333
BIC77|White Bass|4|12.6|0.84|9/24/2014|5.813333333
BIC77|White Sucker|12|18|2.3|9/24/2014|10.76666667
BIC77|Yellow Bullhead|3|12.2|1.08|9/24/2014|5.426666667
BIG78|Largemouth Bass|4|13|1.34|4/24/2012|6.113333333
BLB17|Black Crappie|1|8.7|0.38|6/13/2014|3.36
BLB17|Bluegill|49|6|0.21|6/13/2014|18.40333333
BLB17|Largemouth Bass|21|10.6|0.56|6/13/2014|10.72
BLB17|Yellow Perch|29|6.5|0.14|6/13/2014|11.88
BLK17|Black Crappie|6|7|0.22|7/23/2013|4.406666667
BLK17|Bluegill|34|5.6|0.14|7/23/2013|13.24666667
BLK17|Channel Catfish|59|14.7|1.06|7/23/2013|24.92
BLK17|Yellow Perch|1|8.7|0.24|7/23/2013|3.313333333
BLK17|Yellow Bass|1|9.5|0.45|7/23/2013|3.65
BLN91|Black Bullhead|2|9.5|0.49|5/12/2011|3.996666667
BLN91|Bluegill|27|5.1|0.1|5/12/2011|10.73333333
BLN91|Channel Catfish|62|14.4|0.97|5/12/2011|25.79
BLN91|Largemouth Bass|5|11.9|0.78|5/12/2011|5.893333333
BLO87|Black Bullhead|14|9.8|0.54|9/8/2010|8.113333333
BLO87|Black Crappie|1|7.1|0.11|9/8/2010|2.736666667
BLO87|Bluegill|14|5.9|0.14|9/8/2010|6.68
BLO87|Channel Catfish|5|10.4|0.35|9/8/2010|5.25
BLO87|Common Carp|3|17.4|2.52|9/8/2010|7.64
BLO87|Largemouth Bass|3|12.8|1.03|9/8/2010|5.61
BLO87|White Crappie|247|6.4|0.1|9/8/2010|84.5
BLO87|Yellow Bullhead|14|8.6|0.31|9/8/2010|7.636666667
BLP17|Bluegill|49|5.8|0.16|5/17/2012|18.32
BLP17|Largemouth Bass|4|12.9|1.15|5/17/2012|6.016666667
BLS91|Black Bullhead|1|11.6|0.8|10/10/2013|4.466666667
BLS91|Channel Catfish|1|23.5|4.63|10/10/2013|9.71
BNP56|Bluegill|21|4.5|0.08|6/28/2006|8.526666667
BNP56|Channel Catfish|2|17.6|1.73|6/28/2006|7.11
BNP56|Largemouth Bass|16|5.4|0.14|6/28/2006|7.18
BOL77|Bluegill|35|7.2|0.3|5/13/2013|14.16666667
BOL77|Channel Catfish|12|21.6|3.63|5/13/2013|12.41
BOL77|Largemouth Bass|29|11.4|0.73|5/13/2013|13.71
BOL77|Rainbow Trout|2|12.2|0.62|5/13/2013|4.94
BOL77|Smallmouth Bass|1|11.7|0.69|5/13/2013|4.463333333
BOL77|White Bass|4|14.2|1.17|5/13/2013|6.456666667
BOL77|Yellow Perch|7|9.3|0.36|5/13/2013|5.553333333
BRC94|Black Crappie|21|7.3|0.28|5/22/2014|9.526666667
BRC94|Bluegill|37|5.8|0.19|5/22/2014|14.33
BRC94|Green Sunfish|5|4.6|0.06|5/22/2014|3.22
BRC94|Largemouth Bass|49|14.9|1.92|5/22/2014|21.94
BRC94|Muskellunge|2|32.2|7.99|5/22/2014|14.06333333
BRC94|White Sucker|14|15.8|1.94|5/22/2014|10.58
BRC94|Yellow Perch|14|6.2|0.15|5/22/2014|6.783333333
BRO97|Black Bullhead|21|8.7|0.36|9/20/2011|10.02
BRO97|Black Crappie|61|8.1|0.37|9/20/2011|23.15666667
BRO97|Bluegill|57|5.5|0.16|9/20/2011|20.88666667
BRO97|Bigmouth Buffalo|3|18.1|7.02|9/20/2011|9.373333333
BRO97|Channel Catfish|137|16.8|2.25|9/20/2011|52.01666667
BRO97|Common Carp|7|8.9|0.54|9/20/2011|5.48
BRO97|Freshwater Drum|12|8.6|0.53|9/20/2011|7.043333333
BRO97|Gizzard Shad|3|12.4|0.8|9/20/2011|5.4
BRO97|Largemouth Bass|11|6.7|0.17|9/20/2011|5.956666667
BRO97|River Carpsucker|1|4.6|0.06|9/20/2011|1.886666667
BRO97|Shortnose Gar|1|16.4|0.58|9/20/2011|5.993333333
BRO97|Walleye|9|17.9|2.25|9/20/2011|9.716666667
BRO97|White Crappie|51|8.1|0.4|9/20/2011|19.83333333
BRO97|Yellow Bullhead|69|9.5|0.5|9/20/2011|26.33333333
BUR55|Black Bullhead|54|7|0.21|6/11/2012|20.40333333
BUR55|Bluegill|1|3.6|0.04|6/11/2012|1.546666667
BUR55|Bigmouth Buffalo|3|14.4|1.86|6/11/2012|6.42
BUR55|Common Carp|2|16.8|2.31|6/11/2012|7.036666667
BUR55|White Crappie|10|10.2|0.63|6/11/2012|6.943333333
BUR55|Yellow Perch|71|5.1|0.06|6/11/2012|25.38666667
BWO07|Black Bullhead|3|9.2|0.37|6/15/2011|4.19
BWO07|Black Crappie|1|7.9|0.23|6/15/2011|3.043333333
BWO07|Bluegill|50|5.4|0.13|6/15/2011|18.51
BWO07|Channel Catfish|2|19.9|3.61|6/15/2011|8.503333333
BWO07|Largemouth Bass|61|12.2|1.23|6/15/2011|24.81
BWO07|Northern Pike|10|15.3|1.42|6/15/2011|8.906666667
BWO07|Walleye|1|8.3|0.16|6/15/2011|3.153333333
BWO07|White Crappie|26|8.4|0.22|6/15/2011|11.54
BWO07|Yellow Perch|2|5|0.04|6/15/2011|2.346666667
BWO07|Yellow Bass|14|5.1|0.07|6/15/2011|6.39
BWO40|Black Crappie|25|3.7|0.02|6/3/2014|9.573333333
BWO40|Bluegill|67|4|0.08|6/3/2014|23.69333333
BWO40|Channel Catfish|1|19.4|2.61|6/3/2014|7.67
BWO40|Common Carp|9|13.8|1.77|6/3/2014|8.19
BWO40|Largemouth Bass|54|13.3|1.3|6/3/2014|22.86666667
BWO40|Walleye|2|19.3|2.55|6/3/2014|7.95
BWO40|Yellow Perch|3|3.9|0.03|6/3/2014|2.31
CAR78|Black Bullhead|1|10.2|0.58|5/16/2013|3.926666667
CAR78|Black Crappie|1|7.5|0.24|5/16/2013|2.913333333
CAR78|Bluegill|76|5.7|0.16|5/16/2013|27.28666667
CAR78|Green Sunfish|36|5|0.12|5/16/2013|13.70666667
CAR78|Largemouth Bass|1|7.3|0.15|5/16/2013|2.816666667
CAR78|Yellow Bullhead|1|8.2|0.32|5/16/2013|3.173333333
CAS07|Bluegill|28|6.2|0.29|5/31/2013|11.49666667
CAS07|Largemouth Bass|91|11.3|0.7|5/31/2013|34.33333333
CAT95|Bluegill|41|6.6|0.3|6/4/2013|15.96666667
CAT95|Largemouth Bass|106|12.4|1.03|6/4/2013|39.81
CCP92|Largemouth Bass|1|13.4|1.08|6/30/2010|5.16
CCP92|Redear Sunfish|1|7.7|0.3|6/30/2010|3
CEN30|Black Bullhead|25|11.6|0.89|7/12/2013|12.49666667
CEN30|Bluegill|26|6.7|0.26|7/12/2013|10.98666667
CEN30|Bigmouth Buffalo|8|17.5|3.42|7/12/2013|9.64
CEN30|Channel Catfish|167|18.4|3.2|7/12/2013|62.86666667
CEN30|Common Carp|19|18.4|3.2|7/12/2013|13.53333333
CEN30|Freshwater Drum|8|14.3|1.33|7/12/2013|7.876666667
CEN30|Yellow Bullhead|10|11.6|0.8|7/12/2013|7.466666667
CEN30|Yellow Perch|1|11.2|0.74|7/12/2013|4.313333333
CEN53|Bluegill|16|7.1|0.36|7/9/2012|7.82
CEN53|Channel Catfish|8|17.4|1.8|7/9/2012|9.066666667
CEN53|Largemouth Bass|45|11.7|0.83|7/9/2012|19.17666667
CFF15|Black Crappie|5|11.1|0.71|5/2/2012|5.603333333
CFF15|Bluegill|15|11.8|0.34|5/2/2012|9.046666667
CFF15|Channel Catfish|1|14.7|1.09|5/2/2012|5.596666667
CFF15|Largemouth Bass|71|9.9|0.46|5/2/2012|27.12
CFF15|Warmouth|1|5.9|0.17|5/2/2012|2.356666667
CHA56|Black Crappie|159|7.9|0.27|8/26/2008|55.72333333
CHA56|Bluegill|61|6.4|0.17|8/26/2008|22.52333333
CHA56|Channel Catfish|5|24.9|6.58|8/26/2008|12.16
CHA56|Largemouth Bass|2|7.5|0.17|8/26/2008|3.223333333
CLA17|Channel Catfish|1|14.3|1.1|6/15/2012|5.466666667
CLA17|Northern Pike|1|18|1.21|6/15/2012|6.736666667
CLE17|Black Crappie|22|8.4|0.33|5/15/2013|10.24333333
CLE17|Channel Catfish|4|23.6|5.22|5/15/2013|10.94
CLE17|White Crappie|3|10.8|0.79|5/15/2013|4.863333333
CLO04|Black Bullhead|1|11.6|0.79|6/13/2011|4.463333333
CLO04|Black Crappie|9|6.7|0.17|6/13/2011|5.29
CLO04|Bluegill|25|5.3|0.12|6/13/2011|10.14
CLO04|Channel Catfish|2|12.3|0.59|6/13/2011|4.963333333
CLO04|Largemouth Bass|12|11.6|0.92|6/13/2011|8.173333333
CLO04|White Crappie|19|7.8|0.24|6/13/2011|9.013333333
CLO04|Yellow Bass|35|7.4|0.18|6/13/2011|14.19333333
COC77|Channel Catfish|2|16.9|1.54|10/15/2013|6.813333333
COC77|Walleye|4|18.7|2.22|10/15/2013|8.306666667
COC77|White bass X Striped Bass|19|15.6|1.45|10/15/2013|12.01666667
COR02|Black Crappie|37|7.8|0.37|9/19/2013|15.05666667
COR02|Bluegill|29|5.4|0.16|9/19/2013|11.52
COR02|Largemouth Bass|6|6.2|0.38|9/19/2013|4.193333333
COR52|Black Crappie|34|9|0.47|10/14/2013|14.49
COR52|Bluegill|36|5.6|0.14|10/14/2013|13.91333333
COR52|Channel Catfish|1|8.1|0.12|10/14/2013|3.073333333
COR52|Freshwater Drum|6|6.3|0.13|10/14/2013|4.143333333
COR52|White Bass|12|8.3|0.4|10/14/2013|6.9
COR52|White Crappie|8|9.9|0.64|10/14/2013|6.18
COR99|Black Bullhead|1|9.6|0.52|6/24/2014|3.706666667
COR99|Black Crappie|17|5.4|0.1|6/24/2014|7.5
COR99|Bluegill|36|4.2|0.07|6/24/2014|13.42333333
COR99|White Crappie|1|4.6|0.04|6/24/2014|1.88
CRC47|Black Crappie|16|7.1|0.21|5/24/2013|7.77
CRC47|Bluegill|18|6.9|0.31|5/24/2013|8.403333333
CRC47|Channel Catfish|1|25.4|5.62|5/24/2013|10.67333333
CRC47|Largemouth Bass|69|12.3|1|5/24/2013|27.43333333
CRC47|White Amur|1|44|45.5|5/24/2013|30.16666667
CRC47|White Crappie|8|8.3|0.35|5/24/2013|5.55
CRC47|Yellow Perch|18|7.3|0.17|5/24/2013|8.49
CRY41|Black Bullhead|1|15|2.33|6/17/2014|6.11
CRY41|Bluegill|89|6.9|0.29|6/17/2014|32.06333333
CRY41|Common Carp|3|25.5|8.72|6/17/2014|12.40666667
CRY41|Largemouth Bass|74|11.9|0.94|6/17/2014|28.94666667
CRY41|Northern Pike|1|18.5|1.18|6/17/2014|6.893333333
CRY41|Walleye|1|12.9|0.73|6/17/2014|4.876666667
CSP15|Channel Catfish|50|21.4|3.81|6/30/2014|25.07
DAK85|Black Crappie|35|7.2|0.22|6/28/2010|14.14
DAK85|Bluegill|17|6|0.16|6/28/2010|7.72
DAR92|Black Bullhead|7|5.4|0.12|6/1/2000|4.173333333
DAR92|Bluegill|62|5.6|0.13|6/1/2000|22.57666667
DAR92|Channel Catfish|56|14.1|1.54|6/1/2000|23.88
DAR92|Common Carp|5|10.5|0.55|6/1/2000|5.35
DAR92|Golden Shiner|2|6.4|0.09|6/1/2000|2.83
DAR92|Green Sunfish|9|5|0.1|6/1/2000|4.7
DAR92|Gizzard Shad|44|7.2|0.11|6/1/2000|17.10333333
DAR92|White Crappie|226|6.5|0.07|6/1/2000|77.52333333
DAR92|Yellow Bullhead|1|10|0.48|6/1/2000|3.826666667
DBE43|Bluegill|3|5|0.1|10/13/2014|2.7
DBE43|Channel Catfish|3|17.1|1.77|10/13/2014|7.29
DBE43|White Crappie|2|5.3|0.05|10/13/2014|2.45
DCP43|Black Bullhead|2|13.3|1.15|6/18/2013|5.483333333
DCP43|Bluegill|29|5|0.07|6/18/2013|11.35666667
DCP43|Channel Catfish|1|13.9|0.96|6/18/2013|5.286666667
DCP43|Largemouth Bass|20|14.9|2.47|6/18/2013|12.45666667
DCR71|Black Bullhead|38|8.5|0.35|6/16/2011|15.61666667
DCR71|Bluegill|22|5.5|0.13|6/16/2011|9.21
DCR71|Green Sunfish|3|5.8|0.17|6/16/2011|2.99
DCR71|Largemouth Bass|4|16|2.16|6/16/2011|7.386666667
DCR71|Yellow Bullhead|2|8.6|0.34|6/16/2011|3.646666667
DCR71|Yellow Perch|12|5.8|0.1|6/16/2011|5.966666667
DIC08|Black Crappie|1|8.8|0.31|6/8/2012|3.37
DIC08|Bluegill|9|5.4|0.13|6/8/2012|4.843333333
DIC08|Channel Catfish|1|10.3|0.35|6/8/2012|3.883333333
DIC08|Largemouth Bass|18|14|1.29|6/8/2012|11.09666667
DIC08|Yellow Perch|7|5.6|0.08|6/8/2012|4.226666667
DIK38|Black Crappie|5|6.7|0.22|5/13/2008|3.973333333
DIK38|Bluegill|51|5.7|0.14|5/13/2008|18.94666667
DIK38|Channel Catfish|2|20.2|2.95|5/13/2008|8.383333333
DIK38|Largemouth Bass|100|12.2|1|5/13/2008|37.73333333
DIK38|Walleye|1|17.8|2.2|5/13/2008|7
DOP71|Bluegill|30|4.6|0.09|9/18/2013|11.56333333
DOP71|Channel Catfish|3|9.5|0.28|9/18/2013|4.26
DOP71|Largemouth Bass|23|13.7|1.43|9/18/2013|12.71
DOP71|Yellow Perch|1|6.4|0.11|9/18/2013|2.503333333
EBG31|Black Bullhead|1|11.8|0.79|6/22/2010|4.53
EBG31|Black Crappie|2|8.7|0.31|6/22/2010|3.67
EBG31|Bluegill|46|5|0.12|6/22/2010|17.04
EBG31|Largemouth Bass|22|13.1|1.39|6/22/2010|12.16333333
EBG31|Orangespotted Sunfish|1|3.9|0.04|6/22/2010|1.646666667
ELE87|Black Bullhead|2|12.2|0.92|9/19/2013|5.04
ELE87|Black Crappie|56|9.2|0.43|9/19/2013|21.87666667
ELE87|Bluegill|61|7.3|0.3|9/19/2013|22.86666667
ELE87|Channel Catfish|5|17.9|2.07|9/19/2013|8.323333333
ELE87|Common Carp|5|15.5|2.52|9/19/2013|7.673333333
ELE87|Largemouth Bass|1|17.3|2.68|9/19/2013|6.993333333
ELE87|White Crappie|163|8.1|0.27|9/19/2013|57.12333333
ELE87|Yellow Bullhead|1|8.7|0.3|9/19/2013|3.333333333
ELK21|Black Bullhead|24|7.2|0.26|10/6/2010|10.48666667
ELK21|Black Crappie|2|4.9|0.06|10/6/2010|2.32
ELK21|Bigmouth Buffalo|1|26.2|10.99|10/6/2010|12.73
ELK21|Common Carp|20|11.5|1.72|10/6/2010|11.07333333
ELK21|Green Sunfish|3|5|0.42|10/6/2010|2.806666667
ELK21|Orangespotted Sunfish|3|3.3|0.03|10/6/2010|2.11
ELK21|White Sucker|6|15.1|1.49|10/6/2010|7.53
ELK21|Yellow Bullhead|22|8.1|0.28|10/6/2010|10.12666667
ELK21|Yellow Perch|19|6.2|0.16|10/6/2010|8.453333333
ELL99|Black Bullhead|12|8.1|0.32|6/2/2014|6.806666667
ELL99|Common Carp|11|15.6|2.08|6/2/2014|9.56
ELL99|Yellow Perch|6|4.9|0.05|6/2/2014|3.65
EOK30|Black Bullhead|1|12.1|1.03|10/18/2010|4.71
EOK30|Channel Catfish|2|24.2|5.85|10/18/2010|10.68333333
EOK30|Freshwater Drum|2|6.1|0.09|10/18/2010|2.73
EOK30|Muskellunge|1|37|12.73|10/18/2010|16.91
EOK30|White Bass|3|10.9|0.69|10/18/2010|4.863333333
EOK30|Yellow Bullhead|1|10.1|0.63|10/18/2010|3.91
EOK30|Yellow Perch|44|8.7|0.3|10/18/2010|17.66666667
EOK30|Yellow Bass|28|8|0.33|10/18/2010|12.11
EOS20|Black Crappie|1|7.7|0.3|5/30/2014|3
EOS20|Bluegill|15|6.9|0.3|5/30/2014|7.4
EOS20|Largemouth Bass|26|10.8|0.76|5/30/2014|12.52
ESH41|Black Bullhead|6|10.9|0.8|6/5/2012|5.9
ESH41|Bluegill|18|5.4|0.15|6/5/2012|7.85
ESH41|Walleye|1|12.9|0.62|6/5/2012|4.84
ESH41|Yellow Bullhead|4|10.1|0.69|6/5/2012|4.93
ESH41|Yellow Perch|3|7.9|0.29|6/5/2012|3.73
FAF17|Bluegill|7|6.7|0.25|5/24/2013|4.65
FAF17|Largemouth Bass|6|8.4|0.29|5/24/2013|4.896666667
FCL78|Black Crappie|8|8.7|0.37|6/4/2012|5.69
FCL78|Bluegill|43|5.9|0.23|6/4/2012|16.37666667
FCL78|Largemouth Bass|59|9.6|0.65|6/4/2012|23.08333333
FDM77|Bluegill|50|6.8|0.25|5/16/2012|19.01666667
FDM77|Channel Catfish|35|14.9|1.8|5/16/2012|17.23333333
FDM77|Largemouth Bass|37|11.3|0.72|5/16/2012|16.34
FIS74|Black Crappie|52|8.3|0.38|10/1/2012|20.22666667
FIS74|Bluegill|49|6.2|0.23|10/1/2012|18.47666667
FIS74|Bigmouth Buffalo|2|22.3|6.47|10/1/2012|10.25666667
FIS74|Channel Catfish|99|20.5|3.02|10/1/2012|40.84
FIS74|Common Carp|1|17.6|3.03|10/1/2012|7.21
FIS74|Green Sunfish|1|7.8|0.37|10/1/2012|3.056666667
FIS74|Largemouth Bass|1|10.7|0.69|10/1/2012|4.13
FIS74|Northern Pike|1|26.1|3.56|10/1/2012|10.22
FIS74|Walleye|23|16.3|1.78|10/1/2012|13.69333333
FIS74|White Crappie|39|8.8|0.37|10/1/2012|16.05666667
FIS74|Yellow Bullhead|19|9.1|0.38|10/1/2012|9.493333333
FIS74|Yellow Perch|16|9.6|0.39|10/1/2012|8.663333333
FMI10|Black Crappie|33|5.7|0.1|6/24/2011|12.93333333
FMI10|Bluegill|41|4.7|0.08|6/24/2011|15.26
FMI10|Largemouth Bass|27|10.8|0.88|6/24/2011|12.89333333
FOG80|Black Crappie|7|8|0.28|5/19/2014|5.093333333
FOG80|Bluegill|28|6.2|0.21|5/19/2014|11.47
FOG80|Largemouth Bass|45|13.6|1.63|5/19/2014|20.07666667
FOG80|Redear Sunfish|2|7.9|0.44|5/19/2014|3.446666667
FOG80|Walleye|1|7|0.11|5/19/2014|2.703333333
FPP34|Bluegill|5|6|0.12|8/24/2009|3.706666667
FPP34|Channel Catfish|35|13.6|0.88|8/24/2009|16.49333333
FPP34|White Crappie|1|5|0.05|8/24/2009|2.016666667
FUL65|Black Crappie|2|7.7|0.21|6/15/2012|3.303333333
FUL65|Bluegill|36|5.4|0.11|6/15/2012|13.83666667
FUL65|Largemouth Bass|36|9.4|0.69|6/15/2012|15.36333333
FUL65|White Crappie|1|10.5|0.51|6/15/2012|4.003333333
GAP80|Bluegill|1|6.8|0.32|7/14/2011|2.706666667
GAP80|Largemouth Bass|6|11.4|0.95|7/14/2011|6.116666667
GBE07|Black Crappie|2|7.2|0.19|7/1/2013|3.13
GBE07|Bluegill|50|4.8|0.09|7/1/2013|18.29666667
GBE07|Largemouth Bass|101|11.6|0.78|7/1/2013|37.79333333
GBE07|White Crappie|1|13.1|1.1|7/1/2013|5.066666667
GBE07|Yellow Bass|10|7.8|0.22|7/1/2013|6.006666667
GCA64|Black Crappie|1|5.8|0.08|9/25/2012|2.293333333
GCA64|Bluegill|40|4.9|0.08|9/25/2012|14.99333333
GCA64|Channel Catfish|1|24.4|5.61|9/25/2012|10.33666667
GCA64|Common Carp|2|26.1|8.74|9/25/2012|12.28
GCA64|Largemouth Bass|38|11.2|0.87|9/25/2012|16.69
GCA64|Redear Sunfish|23|6.4|0.2|9/25/2012|9.866666667
GCA64|Walleye|2|22.5|4.04|9/25/2012|9.513333333
GCA64|Yellow Bullhead|5|7.5|0.24|9/25/2012|4.246666667
GIL33|Bluegill|22|5.6|0.14|9/20/2010|9.246666667
GIL33|Channel Catfish|1|19.2|2.07|9/20/2010|7.423333333
GIL33|Yellow Bullhead|4|9.5|0.44|9/20/2010|4.646666667
GLE65|Black Bullhead|3|7.8|0.22|6/13/2012|3.673333333
GLE65|Bluegill|1|6.1|0.17|6/13/2012|2.423333333
GLE65|Channel Catfish|2|11.8|0.55|6/13/2012|4.783333333
GLE65|Largemouth Bass|14|13.4|1.48|6/13/2012|9.626666667
GLE65|Redear Sunfish|1|9.3|0.68|6/13/2012|3.66
GRD20|Black Crappie|6|9.6|0.57|5/19/2014|5.39
GRD20|Bluegill|9|7.2|0.41|5/19/2014|5.536666667
GRD20|Channel Catfish|1|10.4|0.39|5/19/2014|3.93
GRD20|Green Sunfish|1|7.9|0.47|5/19/2014|3.123333333
GRD20|Largemouth Bass|73|11.9|0.82|5/19/2014|28.57333333
GRD20|White Amur|1|13.9|1.2|5/19/2014|5.366666667
GRL01|Black Crappie|6|10.2|0.56|5/30/2013|5.586666667
GRL01|Bluegill|67|6.9|0.27|5/30/2013|24.72333333
GRL01|Largemouth Bass|40|13.6|1.48|5/30/2013|18.36
GRL01|Walleye|3|14.2|0.92|5/30/2013|6.04
GRL01|White Crappie|26|9.3|0.38|5/30/2013|11.89333333
GUS11|Black Crappie|15|6.7|0.17|6/1/2010|7.29
GUS11|Bluegill|44|5.5|0.17|6/1/2010|16.55666667
GUS11|Channel Catfish|1|22.1|3.99|6/1/2010|9.03
GUS11|Common Carp|1|26.9|10.16|6/1/2010|12.68666667
GUS11|Green Sunfish|29|4.7|0.11|6/1/2010|11.27
GUS11|Largemouth Bass|13|8.9|0.51|6/1/2010|7.47
GUS11|White Crappie|6|7.5|0.21|6/1/2010|4.57
GVA88|Black Crappie|1|11.3|0.88|5/21/2014|4.393333333
GVA88|Bluegill|85|6.6|0.31|5/21/2014|30.63666667
GVA88|Largemouth Bass|144|12.6|1.25|5/21/2014|52.61666667
GVA88|Walleye|6|14.7|1.64|5/21/2014|7.446666667
GVA88|White Crappie|1|12|1.16|5/21/2014|4.72
HAE69|Black Crappie|14|8.6|0.35|5/24/2013|7.65
HAE69|Bluegill|15|5.5|0.17|5/24/2013|6.89
HAE69|Largemouth Bass|42|11.2|0.74|5/24/2013|17.98
HAE69|Redear Sunfish|21|7.4|0.35|5/24/2013|9.583333333
HAN06|Black Crappie|40|8.8|0.38|5/15/2013|16.39333333
HAN06|Bluegill|7|7.3|0.35|5/15/2013|4.883333333
HAN06|Channel Catfish|1|17.8|1.98|5/15/2013|6.926666667
HAN06|Largemouth Bass|49|14|1.5|5/15/2013|21.5
HEN45|Black Bullhead|1|10.6|0.71|9/28/2011|4.103333333
HEN45|Bluegill|67|5.5|0.11|9/28/2011|24.20333333
HEN45|Channel Catfish|25|21.3|1.97|9/28/2011|16.09
HEN45|Green Sunfish|3|6.2|0.19|9/28/2011|3.13
HEN45|White Crappie|117|7.8|0.14|9/28/2011|41.64666667
HEN45|Yellow Perch|3|8.2|0.15|9/28/2011|3.783333333
HIP75|Bluegill|29|5.9|0.13|9/28/2009|11.67666667
HIP75|Channel Catfish|33|14.7|1.36|9/28/2009|16.35333333
HIP75|Golden Shiner|3|7.3|0.17|9/28/2009|3.49
HIP75|Green Sunfish|1|5.2|0.1|9/28/2009|2.1
HIP75|White Sucker|4|19.9|3.03|9/28/2009|8.976666667
HIW13|Black Crappie|4|9.3|0.42|6/17/2011|4.573333333
HIW13|Bluegill|56|5.5|0.16|6/17/2011|20.55333333
HIW13|Channel Catfish|3|16.7|1.68|6/17/2011|7.126666667
HIW13|Common Carp|3|23.8|7.73|6/17/2011|11.51
HIW13|Largemouth Bass|36|11.6|1.05|6/17/2011|16.21666667
HIW13|Smallmouth Bass|1|12.3|1.02|6/17/2011|4.773333333
HIW13|White Crappie|6|8.7|0.3|6/17/2011|5
HIW13|Yellow Bullhead|1|6.6|0.15|6/17/2011|2.583333333
HIW13|Yellow Bass|29|8|0.25|6/17/2011|12.41666667
HOO91|Black Bullhead|4|14|1.6|9/30/2014|6.533333333
HOO91|Black Crappie|4|8.5|0.32|9/30/2014|4.273333333
HOO91|Bluegill|31|5|0.1|9/30/2014|12.03333333
HOO91|Largemouth Bass|1|15.2|1.69|9/30/2014|5.963333333
HOO91|Redear Sunfish|46|6.2|0.2|9/30/2014|17.46666667
HUM93|Bluegill|55|6.7|0.29|5/13/2013|20.66333333
HUM93|Largemouth Bass|66|13.4|1.68|5/13/2013|27.02666667
HUM93|White Crappie|59|9.2|0.42|5/13/2013|22.87333333
HUM93|Yellow Bass|26|5.1|0.07|5/13/2013|10.39
HWP57|Black Crappie|2|8.5|0.35|8/1/2008|3.616666667
HWP57|Bluegill|35|5.9|0.18|8/1/2008|13.69333333
HWP57|Largemouth Bass|13|12.4|1.29|8/1/2008|8.896666667
ICA02|Black Bullhead|48|11.1|0.66|5/27/2014|19.92
ICA02|Black Crappie|11|7.7|0.28|5/27/2014|6.326666667
ICA02|Bluegill|5|6|0.21|5/27/2014|3.736666667
ICA02|Channel Catfish|26|14.2|0.97|5/27/2014|13.72333333
ICA02|Common Carp|12|22.5|6.06|5/27/2014|13.52
ICA02|Largemouth Bass|43|14.5|1.72|5/27/2014|19.74
ICA02|Walleye|2|13.4|0.92|5/27/2014|5.44
ICA02|White Crappie|8|8.5|0.33|5/27/2014|5.61
IND89|Channel Catfish|107|15.7|1.78|7/8/2013|41.49333333
IND89|Yellow Bullhead|4|11.6|0.69|7/8/2013|5.43
ING32|Black Bullhead|54|5.9|0.13|10/17/2013|20.01
ING32|Black Crappie|27|8.4|0.41|10/17/2013|11.93666667
ING32|Bigmouth Buffalo|1|9.2|0.45|10/17/2013|3.55
ING32|Brown Bullhead|3|6.6|0.14|10/17/2013|3.246666667
ING32|Common Carp|16|17.1|2.49|10/17/2013|11.86333333
ING32|Green Sunfish|3|5.1|0.11|10/17/2013|2.736666667
ING32|Orangespotted Sunfish|6|3.4|0.03|10/17/2013|3.143333333
ING32|Walleye|11|11.6|0.58|10/17/2013|7.726666667
ING32|White Crappie|62|9.5|0.6|10/17/2013|24.03333333
ING32|Yellow Bullhead|39|7.3|0.22|10/17/2013|15.50666667
ING32|Yellow Perch|22|7.4|0.19|10/17/2013|9.863333333
IPP35|Black Crappie|65|8.3|0.34|9/22/2014|24.54666667
IPP35|Bluegill|2|7.7|0.38|9/22/2014|3.36
IPP35|Channel Catfish|1|7.9|0.14|9/22/2014|3.013333333
IPP35|Largemouth Bass|4|5.2|0.07|9/22/2014|3.09
IPP35|White Crappie|12|8|0.29|9/22/2014|6.763333333
IPP35|White Sucker|1|18.8|2.71|9/22/2014|7.503333333
IPP35|Yellow Perch|23|8.7|0.3|9/22/2014|10.66666667
JPP77|Bluegill|24|4.1|0.08|5/5/2014|9.393333333
JPP77|Largemouth Bass|23|9.5|0.57|5/5/2014|11.02333333
KEC65|Black Crappie|16|6.5|0.13|6/19/2012|7.543333333
KEC65|Bluegill|34|5.3|0.12|6/19/2012|13.14
KEC65|Largemouth Bass|13|9.6|0.52|6/19/2012|7.706666667
KEP52|Black Crappie|37|8.6|0.38|10/1/2013|15.32666667
KEP52|Bluegill|45|5.8|0.18|10/1/2013|16.99333333
KEP52|Largemouth Bass|2|12.6|1.04|10/1/2013|5.213333333
KEP52|Redear Sunfish|34|7.5|0.37|10/1/2013|13.95666667
KEP52|White Crappie|13|8.9|0.35|10/1/2013|7.416666667
KIL23|Bluegill|18|4|0.06|10/31/2008|7.353333333
KIL23|Common Carp|1|31.1|18.96|10/31/2008|17.02
KIL23|Green Sunfish|21|3.7|0.04|10/31/2008|8.246666667
KIL23|Largemouth Bass|29|9.1|0.47|10/31/2008|12.85666667
KIL23|Yellow Perch|4|6.3|0.09|10/31/2008|3.463333333
KOP10|Black Crappie|6|7.4|0.25|7/22/2013|4.55
KOP10|Bluegill|63|6.1|0.18|7/22/2013|23.09333333
KOP10|Channel Catfish|97|16.8|1.46|7/22/2013|38.42
KOP10|Largemouth Bass|5|11|0.57|7/22/2013|5.523333333
KPN98|Bluegill|1|5.2|0.09|7/8/2013|2.096666667
KPN98|Largemouth Bass|4|10.7|0.63|7/8/2013|5.11
KPS98|Black Crappie|2|7|0.18|7/8/2013|3.06
KPS98|Bluegill|13|4.7|0.09|7/8/2013|5.93
KPS98|Largemouth Bass|28|10.1|0.58|7/8/2013|12.89333333
LAP18|Black Bullhead|42|6.6|0.17|6/6/2012|16.25666667
LAP18|Black Crappie|8|7.5|0.28|6/6/2012|5.26
LAP18|Common Carp|2|24.6|6.51|6/6/2012|11.03666667
LAP18|Green Sunfish|28|4.2|0.07|6/6/2012|10.75666667
LAP18|Orangespotted Sunfish|15|3.4|0.04|6/6/2012|6.146666667
LAP18|Sunfish Mixed Species|3|3.9|0.05|6/6/2012|2.316666667
LAP18|White Crappie|13|7.2|0.18|6/6/2012|6.793333333
LAP18|White Sucker|5|16.6|2.19|6/6/2012|7.93
LAP18|Yellow Perch|27|5.8|0.1|6/6/2012|10.96666667
LGA30|Black Bullhead|4|12.3|1.08|5/14/2014|5.793333333
LGA30|Black Crappie|5|9.4|0.51|5/14/2014|4.97
LGA30|Bluegill|28|7.3|0.35|5/14/2014|11.88333333
LGA30|Channel Catfish|1|20.9|2.9|5/14/2014|8.266666667
LGA30|Common Carp|8|26.4|10.2|5/14/2014|14.86666667
LGA30|Freshwater Drum|19|15.1|1.65|5/14/2014|11.91666667
LGA30|Largemouth Bass|56|14.2|1.95|5/14/2014|24.05
LGA30|Northern Pike|2|25.9|3.02|5/14/2014|10.30666667
LGA30|Pumpkinseed|1|6.9|0.23|5/14/2014|2.71
LGA30|River Carpsucker|19|20.2|4.26|5/14/2014|14.48666667
LGA30|Walleye|1|16.8|1.83|5/14/2014|6.543333333
LGA30|White Sucker|1|18.4|3.27|5/14/2014|7.556666667
LGA30|Yellow Bullhead|3|9.5|0.51|5/14/2014|4.336666667
LGA30|Yellow Perch|10|8.2|0.26|5/14/2014|6.153333333
LGA30|Yellow Bass|11|8.9|0.39|5/14/2014|6.763333333
LIN93|Black Bullhead|8|13.3|1.33|6/1/2009|7.543333333
LIN93|Black Crappie|5|7.5|0.23|6/1/2009|4.243333333
LIN93|Bluegill|41|6.2|0.23|6/1/2009|15.81
LIN93|Channel Catfish|4|10.5|0.73|6/1/2009|5.076666667
LIN93|Largemouth Bass|24|9.9|0.7|6/1/2009|11.53333333
LIN93|White Crappie|1|13.8|1.33|6/1/2009|5.376666667
LIS74|Black Bullhead|3|10.8|0.95|7/23/2013|4.916666667
LIS74|Black Crappie|9|10.5|0.69|7/23/2013|6.73
LIS74|Bluegill|12|5.3|0.15|7/23/2013|5.816666667
LIS74|Channel Catfish|27|21.2|4.27|7/23/2013|17.49
LIS74|Flathead Catfish|1|41|35.9|7/23/2013|25.96666667
LIS74|Freshwater Drum|6|14.5|1.45|7/23/2013|7.316666667
LIS74|White Bass|1|12.8|1.01|7/23/2013|4.936666667
LIS74|Yellow Bullhead|4|10.8|0.75|7/23/2013|5.183333333
LKE89|Bluegill|5|5.5|0.19|5/7/2012|3.563333333
LKE89|Redear Sunfish|14|9.3|0.71|5/7/2012|8.003333333
LPI42|Black Crappie|20|8.1|0.32|8/8/2013|9.473333333
LPI42|Bluegill|44|5.8|0.15|8/8/2013|16.65
LPI42|Channel Catfish|1|19.3|2.92|8/8/2013|7.74
LPI42|Gizzard Shad|37|10.9|0.53|8/8/2013|16.14333333
LPI42|Largemouth Bass|24|11.3|0.81|8/8/2013|12.03666667
LPI42|Yellow Bullhead|1|9.6|0.55|8/8/2013|3.716666667
LRI27|Black Bullhead|1|20.5|3.45|5/28/2014|8.316666667
LRI27|Bluegill|27|6.7|0.32|5/28/2014|11.34
LRI27|Channel Catfish|4|19.3|3.33|5/28/2014|8.876666667
LRI27|Green Sunfish|16|6.3|0.26|5/28/2014|7.52
LRI27|Largemouth Bass|120|9.1|0.52|5/28/2014|43.20666667
LRI27|Walleye|1|13|0.72|5/28/2014|4.906666667
LSP97|Channel Catfish|70|14.4|1|7/29/2011|28.46666667
LTH82|Black Crappie|18|6.3|0.12|7/14/2008|8.14
LTH82|Bluegill|118|5.6|0.11|7/14/2008|41.23666667
LTH82|Channel Catfish|772|15.7|1.05|7/14/2008|262.9166667
LTH82|Common Carp|1|30.6|11.8|7/14/2008|14.46666667
LTH82|Sunfish Mixed Species|1|6.3|0.15|7/14/2008|2.483333333
LTH82|White Crappie|17|7.8|0.23|7/14/2008|8.343333333
LWA40|Black Crappie|49|5.5|0.07|9/2/2014|18.19
LWA40|Bluegill|24|5.2|0.1|9/2/2014|9.766666667
LWA40|Channel Catfish|4|17.7|1.76|9/2/2014|7.82
LWA40|Northern Pike|1|25.3|2.94|9/2/2014|9.746666667
LWA40|Walleye|2|22.4|3.42|9/2/2014|9.273333333
LWA40|White Crappie|13|6.4|0.15|9/2/2014|6.516666667
LWA40|Yellow Bass|58|6.4|0.1|9/2/2014|21.5
MAC52|Black Crappie|50|7.6|0.3|10/8/2013|19.3
MAC52|Bluegill|41|5.4|0.13|10/8/2013|15.51
MAC52|Bigmouth Buffalo|1|19.2|4.52|10/8/2013|8.24
MAC52|Channel Catfish|2|21.4|4.46|10/8/2013|9.286666667
MAC52|River Carpsucker|4|20.4|5.01|10/8/2013|9.803333333
MAC52|Smallmouth Buffalo|3|21.7|6.69|10/8/2013|10.46333333
MAC52|Walleye|2|23.7|4.32|10/8/2013|10.00666667
MAC52|White Bass|9|11.3|0.62|10/8/2013|6.973333333
MAC52|White Crappie|2|11.1|0.78|10/8/2013|4.626666667
MAC52|White bass X Striped Bass|7|5.4|0.07|10/8/2013|4.156666667
MAN78|Walleye|31|20.8|3.63|4/4/2013|18.47666667
MAN78|White bass X Striped Bass|23|18.3|3.03|4/4/2013|14.77666667
MAP83|Black Crappie|4|7.4|0.21|6/5/2012|3.87
MAP83|Bluegill|32|6.5|0.22|6/5/2012|12.90666667
MAP83|Largemouth Bass|24|9.4|0.59|6/5/2012|11.33
MCB63|Bluegill|51|5.8|0.14|7/11/2011|18.98
MCB63|Channel Catfish|84|14.8|1.12|7/11/2011|33.30666667
MCB63|Largemouth Bass|32|9|0.38|7/11/2011|13.79333333
MCK88|Black Crappie|58|7.4|0.21|9/24/2013|21.87
MCK88|Bluegill|33|6.8|0.25|9/24/2013|13.35
MCK88|Channel Catfish|7|22.4|4.18|9/24/2013|11.19333333
MCK88|Common Carp|5|18.8|3.79|9/24/2013|9.196666667
MCK88|Green Sunfish|2|5.6|0.11|9/24/2013|2.57
MCK88|Orangespotted Sunfish|1|3.5|0.05|9/24/2013|1.516666667
MCK88|White Crappie|51|8.2|0.27|9/24/2013|19.82333333
MCK88|Yellow Bullhead|5|9.3|0.45|9/24/2013|4.916666667
MCP85|Bluegill|37|7|0.26|6/21/2012|14.75333333
MCP85|Largemouth Bass|8|12.3|0.99|6/21/2012|7.096666667
MEA01|Bluegill|36|5|0.13|10/1/2013|13.71
MEA01|White Crappie|21|4.5|0.03|10/1/2013|8.51
MEI42|Bluegill|99|5.4|0.13|6/19/2012|34.84333333
MEI42|Largemouth Bass|24|10.2|0.62|6/19/2012|11.60666667
MEY07|Black Bullhead|26|5.5|0.09|6/6/2012|10.53
MEY07|Black Crappie|7|6.1|0.11|6/6/2012|4.403333333
MEY07|Bluegill|33|5.4|0.12|6/6/2012|12.84
MEY07|Largemouth Bass|24|11.8|1.12|6/6/2012|12.30666667
MEY07|White Crappie|1|6.4|0.12|6/6/2012|2.506666667
MEY07|Yellow Bullhead|1|6.9|0.15|6/6/2012|2.683333333
MEY96|Black Bullhead|3|12|0.98|9/18/2012|5.326666667
MEY96|Black Crappie|101|8.1|0.29|9/18/2012|36.46333333
MEY96|Bluegill|41|6.3|0.2|9/18/2012|15.83333333
MEY96|Largemouth Bass|1|17.5|3.18|9/18/2012|7.226666667
MEY96|Northern Pike|4|21.5|2.18|9/18/2012|9.226666667
MEY96|Yellow Perch|17|6.9|0.15|9/18/2012|8.016666667
MGR35|Bluegill|91|5.6|0.15|7/14/2014|32.25
MGR35|Channel Catfish|1|18.7|1.96|7/14/2014|7.22
MGR35|Largemouth Bass|13|9.1|0.49|7/14/2014|7.53
MHI65|Channel Catfish|67|16.9|1.75|7/22/2013|28.55
MIC71|Black Bullhead|16|11.9|0.97|9/24/2013|9.623333333
MIC71|Black Crappie|10|7.8|0.32|9/24/2013|6.04
MIC71|Bluegill|55|6.1|0.22|9/24/2013|20.44
MIC71|Channel Catfish|1|10|0.29|9/24/2013|3.763333333
MIC71|Green Sunfish|1|4.5|0.06|9/24/2013|1.853333333
MIC71|Largemouth Bass|2|16.1|2.02|9/24/2013|6.706666667
MIC71|Sunfish Mixed Species|4|7.9|0.42|9/24/2013|4.106666667
MIT07|Black Crappie|1|6.4|0.12|6/13/2011|2.506666667
MIT07|Bluegill|41|5.4|0.12|6/13/2011|15.50666667
MIT07|Channel Catfish|6|11.8|0.42|6/13/2011|6.073333333
MIT07|Flathead Catfish|1|32.3|20|6/13/2011|17.76666667
MIT07|Largemouth Bass|46|8.5|0.44|6/13/2011|18.31333333
MIT07|Northern Pike|2|14.4|0.55|6/13/2011|5.65
MIT07|Smallmouth Bass|1|13.3|1.11|6/13/2011|5.136666667
MIT07|Walleye|1|19.5|2.75|6/13/2011|7.75
MIT07|White Bass|4|12.8|0.95|6/13/2011|5.916666667
MIT07|White Crappie|5|7.2|0.15|6/13/2011|4.116666667
MIT07|Yellow Perch|1|4.2|0.03|6/13/2011|1.743333333
MIT07|Yellow Bass|9|5.4|0.06|6/13/2011|4.82
MOO47|Black Crappie|14|7.4|0.2|5/13/2014|7.2
MOO47|Bluegill|60|5.9|0.17|5/13/2014|22.02333333
MOO47|Channel Catfish|13|14.4|1.07|5/13/2014|9.49
MOO47|Largemouth Bass|16|13.5|1.61|5/13/2014|10.37
MPL92|Bluegill|30|4.2|0.07|6/7/2010|11.42333333
MPL92|Channel Catfish|3|20.8|3.03|6/7/2010|8.943333333
MPL92|Largemouth Bass|23|10.6|0.6|6/7/2010|11.4
MPL92|Redear Sunfish|13|4.8|0.09|6/7/2010|5.963333333
MPL97|Black Crappie|12|7.7|0.22|5/14/2012|6.64
MPL97|Bluegill|88|4.8|0.1|5/14/2012|30.96666667
MPL97|Channel Catfish|7|15.4|1.25|5/14/2012|7.883333333
MPL97|Common Carp|16|22.4|5.3|5/14/2012|14.56666667
MPL97|Green Sunfish|10|4.4|0.06|5/14/2012|4.82
MPL97|Largemouth Bass|53|12.3|1.28|5/14/2012|22.19333333
MPL97|Northern Pike|1|17.4|1.19|5/14/2012|6.53
MPL97|Yellow Bass|56|6.4|0.11|5/14/2012|20.83666667
MPP76|Bluegill|38|5.2|0.1|6/26/2009|14.43333333
MPP76|Channel Catfish|2|7.1|0.1|6/26/2009|3.066666667
MPP76|Largemouth Bass|9|11.9|1.11|6/26/2009|7.336666667
MPP76|White Sucker|1|19.2|3.48|6/26/2009|7.893333333
MPP76|Yellow Perch|4|6.9|0.14|6/26/2009|3.68
MTR01|Black Crappie|37|8.3|0.29|10/14/2013|15.19666667
MTR01|Bluegill|26|4.3|0.06|10/14/2013|10.12
MTR01|Redear Sunfish|49|8.8|0.34|10/14/2013|19.38
MTR01|Walleye|2|21|3.11|10/14/2013|8.703333333
MYS04|Bluegill|25|6|0.23|6/17/2011|10.41
MYS04|Channel Catfish|5|12.9|0.72|6/17/2011|6.206666667
MYS04|Largemouth Bass|21|7.6|0.29|6/17/2011|9.63
MYS04|White Crappie|4|8.7|0.35|6/17/2011|4.35
NEA27|Black Bullhead|1|8.4|0.28|10/1/2013|3.226666667
NEA27|Green Sunfish|13|5.5|0.11|10/1/2013|6.203333333
NEA27|Largemouth Bass|1|3.9|0.02|10/1/2013|1.64
NEA27|Redear Sunfish|14|5.7|0.14|10/1/2013|6.613333333
NEA27|Yellow Bullhead|8|9.5|0.44|10/1/2013|5.98
NEL24|Black Bullhead|1|13.9|1.55|5/28/2013|5.483333333
NEL24|Black Crappie|3|3.8|0.02|5/28/2013|2.273333333
NEL24|Bluegill|50|7.3|0.43|5/28/2013|19.24333333
NEL24|Channel Catfish|116|18.5|2.32|5/28/2013|45.60666667
NEL24|Green Sunfish|11|4.2|0.07|5/28/2013|5.09
NEL24|Largemouth Bass|41|11.1|0.73|5/28/2013|17.61
NEP11|Bluegill|37|5.1|0.14|5/11/2012|14.08
NEP11|Largemouth Bass|52|12.5|1.16|5/11/2012|21.88666667
NEP11|Yellow Perch|5|6.8|0.18|5/11/2012|3.993333333
NHP19|Black Crappie|3|6.7|0.13|7/21/2008|3.276666667
NHP19|Bluegill|27|5.4|0.11|7/21/2008|10.83666667
NHP19|Channel Catfish|12|17|2.01|7/21/2008|10.33666667
NHP19|Largemouth Bass|2|8.1|0.2|7/21/2008|3.433333333
NHP19|Yellow Bullhead|9|9.8|0.53|7/21/2008|6.443333333
NOD01|Black Crappie|51|8.9|0.41|9/13/2012|20.10333333
NOD01|Bluegill|42|6|0.18|9/13/2012|16.06
NOD01|Walleye|18|12.5|0.67|9/13/2012|10.39
NOD01|White Crappie|23|8.1|0.29|9/13/2012|10.46333333
NPR07|Bluegill|16|6.4|0.2|6/8/2009|7.533333333
NPR07|Largemouth Bass|39|12.1|1.07|6/8/2009|17.39
NPR07|Yellow Bullhead|2|10.8|0.62|6/8/2009|4.473333333
NRA83|Black Crappie|33|5|0.06|10/11/2011|12.68666667
NRA83|Bluegill|26|4.8|0.08|10/11/2011|10.29333333
NRA83|Channel Catfish|1|19.5|2.47|10/11/2011|7.656666667
NRA83|Largemouth Bass|6|10.9|1.24|10/11/2011|6.046666667
NTW13|Bluegill|1|5.3|0.12|6/13/2013|2.14
NTW13|Bigmouth Buffalo|11|23.4|7.41|6/13/2013|13.93666667
NTW13|Channel Catfish|8|15.3|1.57|6/13/2013|8.29
NTW13|Common Carp|55|15.8|2.26|6/13/2013|24.35333333
NTW13|Freshwater Drum|15|13.7|0.82|6/13/2013|9.84
NTW13|Largemouth Bass|2|11.9|0.54|6/13/2013|4.813333333
NTW13|Walleye|1|7.6|0.12|6/13/2013|2.906666667
NTW13|White Crappie|25|7.7|0.23|6/13/2013|10.97666667
NTW13|Yellow Bass|59|6.4|0.13|6/13/2013|21.84333333
NWP15|Bluegill|34|6.5|0.22|6/6/2013|13.57333333
NWP15|Largemouth Bass|25|11.6|0.8|6/6/2013|12.46666667
OC172|Largemouth Bass|44|9.9|0.43|6/12/2012|18.11
OEL33|Channel Catfish|4|21.6|4.08|8/16/2010|9.893333333
OLD67|Black Bullhead|5|10.9|0.83|10/2/2012|5.576666667
OLD67|Black Crappie|6|8.6|0.38|10/2/2012|4.993333333
OLD67|Bluegill|40|4.8|0.1|10/2/2012|14.96666667
ORE80|Black Bullhead|1|12.5|0.96|9/17/2013|4.82
ORE80|Black Crappie|51|8.7|0.36|9/17/2013|20.02
ORE80|Bluegill|51|6.7|0.24|9/17/2013|19.31333333
ORE80|Green Sunfish|1|6.1|0.16|9/17/2013|2.42
ORE80|White Crappie|99|9|0.35|9/17/2013|36.11666667
ORI01|Channel Catfish|89|14.2|1|6/25/2013|34.73333333
PAH60|Black Crappie|5|10.5|0.68|9/22/2011|5.393333333
PAH60|Bluegill|59|6|0.24|9/22/2011|21.74666667
PAH60|Channel Catfish|2|28.2|9.56|9/22/2011|13.25333333
PAH60|Largemouth Bass|58|13.8|1.72|9/22/2011|24.50666667
PAH60|Yellow Perch|1|7|0.16|9/22/2011|2.72
PBR35|Black Crappie|2|9|0.36|6/7/2012|3.786666667
PBR35|Bluegill|26|6.2|0.22|6/7/2012|10.80666667
PBR35|Channel Catfish|3|13.9|0.86|6/7/2012|5.92
PBR35|Common Carp|2|25.6|8.26|6/7/2012|11.95333333
PBR35|Largemouth Bass|32|10.3|0.52|6/7/2012|14.27333333
PBR35|White Sucker|3|19.2|3.02|6/7/2012|8.406666667
PBR35|Yellow Perch|5|8.2|0.26|6/7/2012|4.486666667
PCP55|Black Bullhead|29|7.1|0.18|5/18/2012|12.09333333
PCP55|Bluegill|16|5.9|0.17|5/18/2012|7.356666667
PCP55|Bigmouth Buffalo|4|19.2|4.71|5/18/2012|9.303333333
PCP55|Common Carp|5|17.2|2.83|5/18/2012|8.343333333
PCP55|Largemouth Bass|20|13.4|1.58|5/18/2012|11.66
PCP55|Northern Pike|3|15.6|1.12|5/18/2012|6.573333333
PCP55|White Crappie|3|6.1|0.23|5/18/2012|3.11
PCP55|Yellow Bullhead|3|7.2|0.18|5/18/2012|3.46
PCP55|Yellow Perch|8|6.6|0.14|5/18/2012|4.913333333
PCP55|Yellow Bass|1|9.1|0.46|5/18/2012|3.52
PER36|Bluegill|24|4.5|0.06|6/21/2012|9.52
PER36|Largemouth Bass|72|8.8|0.45|6/21/2012|27.08333333
PET67|Black Crappie|20|7.1|0.27|6/3/2010|9.123333333
PET67|Bluegill|55|6|0.21|6/3/2010|20.40333333
PET67|Channel Catfish|52|14.1|0.84|6/3/2010|22.31333333
PET67|Common Carp|22|22.3|5.2|6/3/2010|16.5
PET67|Green Sunfish|1|4.8|0.11|6/3/2010|1.97
PET67|Largemouth Bass|38|10.8|0.78|6/3/2010|16.52666667
PET67|White Crappie|9|7|0.14|6/3/2010|5.38
PGP69|Black Bullhead|3|6.8|0.16|6/8/2012|3.32
PGP69|Bluegill|33|5.3|0.12|6/8/2012|12.80666667
PGP69|Largemouth Bass|11|8.1|0.39|6/8/2012|6.496666667
PGP69|White Crappie|12|12|0.14|6/8/2012|8.046666667
PIC73|Bluegill|25|5.7|0.15|6/9/2014|10.28333333
PIC73|Largemouth Bass|4|15.9|2.52|6/9/2014|7.473333333
PIP73|Black Bullhead|2|9|0.44|6/16/2014|3.813333333
PIP73|Bluegill|26|7.1|0.29|6/16/2014|11.13
PIP73|Largemouth Bass|5|10.2|0.43|6/16/2014|5.21
PIP73|White Crappie|17|8.3|0.26|6/16/2014|8.52
PKN41|Bluegill|44|5.8|0.19|5/18/2012|16.66333333
PKN41|Largemouth Bass|13|7.7|0.22|5/18/2012|6.973333333
PLA09|Black Crappie|10|7|0.21|6/5/2012|5.736666667
PLA09|Bluegill|53|5.5|0.21|6/5/2012|19.57
PLA09|Channel Catfish|2|17.7|2.36|6/5/2012|7.353333333
PLA09|Largemouth Bass|110|9.6|0.51|6/5/2012|40.03666667
PLA09|Walleye|2|23.7|4.11|6/5/2012|9.936666667
PLA09|Yellow Bass|3|9|0.4|6/5/2012|4.133333333
PLC57|Black Crappie|2|9.4|0.42|5/30/2013|3.94
PLC57|Bluegill|46|6.6|0.29|5/30/2013|17.63
PLC57|Channel Catfish|6|14.6|1.06|5/30/2013|7.22
PLC57|Largemouth Bass|49|13|1.09|5/30/2013|21.03
PLC57|Muskellunge|5|32|10.12|5/30/2013|15.70666667
PLC57|Walleye|3|11.7|0.52|5/30/2013|5.073333333
PLC57|White Bass|24|12.7|0.85|5/30/2013|12.51666667
PLC57|White bass X Striped Bass|2|15.5|1.57|5/30/2013|6.356666667
POL56|Bluegill|40|5.8|0.21|5/26/2011|15.33666667
POL56|Channel Catfish|1|8.3|0.25|5/26/2011|3.183333333
POL56|Flathead Catfish|2|19|6.1|5/26/2011|9.033333333
POL56|Green Sunfish|4|5.6|0.18|5/26/2011|3.26
POL56|Largemouth Bass|23|10.7|0.67|5/26/2011|11.45666667
POL56|Redear Sunfish|17|6.6|0.23|5/26/2011|7.943333333
PPF57|Black Crappie|4|7.1|0.19|7/2/2013|3.763333333
PPF57|Bluegill|34|5.1|0.1|7/2/2013|13.06666667
PPF57|Channel Catfish|3|10.9|0.38|7/2/2013|4.76
PPF57|Freshwater Drum|6|13.2|1.02|7/2/2013|6.74
PPF57|Largemouth Bass|31|12.3|0.99|7/2/2013|14.76333333
PPF57|Northern Pike|1|25.5|3.79|7/2/2013|10.09666667
PPF57|Smallmouth Bass|5|13.6|1.15|7/2/2013|6.583333333
PPF57|Walleye|3|15.8|1.35|7/2/2013|6.716666667
PPF57|White Crappie|3|9.5|0.5|7/2/2013|4.333333333
PPF57|Yellow Bass|3|5.2|0.06|7/2/2013|2.753333333
PRA42|Black Crappie|1|9.8|0.53|6/19/2012|3.776666667
PRA42|Bluegill|48|4.6|0.1|6/19/2012|17.56666667
PRA42|Largemouth Bass|34|12.4|0.98|6/19/2012|15.79333333
QPO20|Black Crappie|8|8.2|0.3|5/13/2014|5.5
QPO20|Bluegill|41|6.5|0.26|5/13/2014|15.92
QPO20|Largemouth Bass|8|14|1.7|5/13/2014|7.9
QPO20|Redear Sunfish|2|8.4|0.61|5/13/2014|3.67
QPO20|White Crappie|12|8.4|0.32|5/13/2014|6.906666667
RAI82|Black Bullhead|18|9.9|0.43|7/15/2008|9.443333333
RAI82|Black Crappie|5|6.1|0.08|7/15/2008|3.726666667
RAI82|Bluegill|27|4.9|0.08|7/15/2008|10.66
RAI82|Channel Catfish|1702|11.1|0.34|7/15/2008|571.1466667
RAI82|Common Carp|7|24.1|6.73|7/15/2008|12.61
RAI82|White Crappie|20|7.9|0.17|7/15/2008|9.356666667
RAT04|Largemouth Bass|20|11.3|1.18|10/15/2013|10.82666667
RAT04|Walleye|56|9.4|0.36|10/15/2013|21.92
RIC95|Black Bullhead|25|8.6|0.36|5/25/2012|11.32
RIC95|Largemouth Bass|1|15.1|2.77|5/25/2012|6.29
RIC95|Walleye|4|11.8|1.1|5/25/2012|5.633333333
RIC95|Yellow Perch|59|5.6|0.09|5/25/2012|21.56333333
RIP24|Black Crappie|1|8.9|0.4|6/7/2012|3.433333333
RIP24|Bluegill|47|6.6|0.27|6/7/2012|17.95666667
RIP24|Largemouth Bass|34|11.2|0.7|6/7/2012|15.3
RIP80|Largemouth Bass|24|7.8|0.41|5/23/2014|10.73666667
ROC50|Black Bullhead|9|11.9|0.85|6/5/2013|7.25
ROC50|Black Crappie|91|7.7|0.26|6/5/2013|32.98666667
ROC50|Bluegill|124|6.5|0.24|6/5/2013|43.58
ROC50|Channel Catfish|142|18.3|2.41|6/5/2013|54.23666667
ROC50|Common Carp|19|18.5|3.58|6/5/2013|13.69333333
ROC50|Freshwater Drum|88|9.6|0.34|6/5/2013|32.64666667
ROC50|Golden Shiner|5|7.7|0.2|6/5/2013|4.3
ROC50|Largemouth Bass|42|14.7|2.05|6/5/2013|19.58333333
ROC50|Walleye|14|14.3|1.16|6/5/2013|9.82
ROC50|White Crappie|64|8.4|0.28|6/5/2013|24.22666667
ROC50|White Sucker|29|17.4|2.05|6/5/2013|16.15
ROC63|Black Crappie|35|7.7|0.26|6/3/2013|14.32
ROC63|Bluegill|43|6|0.19|6/3/2013|16.39666667
ROC63|Channel Catfish|171|18.1|2.48|6/3/2013|63.86
ROC63|Largemouth Bass|1|10.8|0.63|6/3/2013|4.143333333
ROC63|White Bass|1|10.3|0.45|6/3/2013|3.916666667
ROC63|White Crappie|35|9.1|0.39|6/3/2013|14.83
ROC63|Yellow Bass|1|4.9|0.05|6/3/2013|1.983333333
ROG06|Black Crappie|6|10.8|0.7|6/18/2013|5.833333333
ROG06|Bluegill|48|6.5|0.27|6/18/2013|18.25666667
ROG06|Channel Catfish|10|17.2|1.91|6/18/2013|9.703333333
ROG06|Largemouth Bass|51|12.4|0.91|6/18/2013|21.43666667
ROP73|Bluegill|1|7.8|0.4|6/9/2014|3.066666667
ROP73|Channel Catfish|1|18.7|2.56|6/9/2014|7.42
ROP73|Largemouth Bass|28|8.7|0.31|6/9/2014|12.33666667
RRO63|Black Crappie|17|10.4|0.72|10/29/2013|9.373333333
RRO63|Channel Catfish|24|18.5|2.66|10/29/2013|15.05333333
RRO63|Northern Pike|1|34|8.68|10/29/2013|14.56
RRO63|Walleye|36|13.3|1.2|10/29/2013|16.83333333
RRO63|White Bass|82|11.6|0.96|10/29/2013|31.52
RRO63|White Crappie|3|10.4|0.66|10/29/2013|4.686666667
RRO63|White bass X Striped Bass|40|14.4|1.59|10/29/2013|18.66333333
RRP77|Channel Catfish|4|18.3|3.06|10/21/2013|8.453333333
RRP77|White Bass|4|11|0.72|10/21/2013|5.24
RRP77|White Crappie|5|9|0.35|10/21/2013|4.783333333
RRP77|White bass X Striped Bass|13|15.6|2.06|10/21/2013|10.22
SAP67|Bluegill|42|4.5|0.11|6/6/2013|15.53666667
SAP67|Channel Catfish|3|13.1|0.94|6/6/2013|5.68
SAP67|Common Carp|28|21.2|4.07|6/6/2013|17.75666667
SAP67|Largemouth Bass|58|12.7|1.27|6/6/2013|23.99
SAP67|White Crappie|9|7.8|0.25|6/6/2013|5.683333333
SAY77|Black Crappie|3|10|0.67|10/9/2014|4.556666667
SAY77|Channel Catfish|29|18.5|2.86|10/9/2014|16.78666667
SAY77|Flathead Catfish|1|30.5|14.04|10/9/2014|15.18
SAY77|Largemouth Bass|4|7.2|0.21|10/9/2014|3.803333333
SAY77|Walleye|43|11|0.57|10/9/2014|18.19
SAY77|White Bass|81|10.4|0.65|10/9/2014|30.68333333
SAY77|White Crappie|11|8.1|0.3|10/9/2014|6.466666667
SAY77|White bass X Striped Bass|26|14.3|1.62|10/9/2014|13.97333333
SBE97|Bighead carp|1|24.3|6.23|5/27/2014|10.51
SBE97|Black Crappie|8|10.1|0.62|5/27/2014|6.24
SBE97|Bigmouth Buffalo|3|14.5|1.73|5/27/2014|6.41
SBE97|Channel Catfish|29|20.6|3.56|5/27/2014|17.72
SBE97|Common Carp|21|19.1|3.76|5/27/2014|14.62
SBE97|Freshwater Drum|2|10|0.64|5/27/2014|4.213333333
SBE97|Longnose Gar|1|24.9|1.11|5/27/2014|9.003333333
SBE97|River Carpsucker|6|5.1|0.1|5/27/2014|3.733333333
SBE97|Silver carp|5|24.6|6.27|5/27/2014|11.95666667
SBE97|Shortnose Gar|28|19.9|0.81|5/27/2014|16.23666667
SBE97|White Amur|4|21.7|4.22|5/27/2014|9.973333333
SBE97|White Bass|9|13.9|1.12|5/27/2014|8.006666667
SBL27|Bluegill|3|6.5|0.19|10/1/2013|3.23
SBL27|Green Sunfish|4|7.5|0.35|10/1/2013|3.95
SBL27|Walleye|1|21|2.88|10/1/2013|8.293333333
SBP55|Black Crappie|2|8.9|0.31|5/18/2012|3.736666667
SBP55|Bluegill|53|6.2|0.16|5/18/2012|19.78666667
SBP55|Common Carp|2|22.4|5.1|5/18/2012|9.833333333
SBP55|Largemouth Bass|44|15|2.34|5/18/2012|20.44666667
SBP55|Yellow Bullhead|1|10.7|0.69|5/18/2012|4.13
SCH43|Bluegill|19|12.5|0.21|6/12/2012|10.57
SCH43|Largemouth Bass|15|9.7|0.56|6/12/2012|8.42
SCP21|Black Bullhead|11|11.5|1.53|9/17/2013|8.01
SCP21|Black Crappie|1|10.6|0.62|9/17/2013|4.073333333
SCP21|Bluegill|25|6.9|0.3|9/17/2013|10.73333333
SCP21|Channel Catfish|110|17.4|2.34|9/17/2013|43.24666667
SCP43|Bluegill|40|5.5|0.12|6/12/2012|15.20666667
SCP43|Channel Catfish|1|11.7|0.41|6/12/2012|4.37
SCP43|Largemouth Bass|41|6|0.11|6/12/2012|15.70333333
SCP43|Redear Sunfish|1|4.2|0.06|6/12/2012|1.753333333
SCS36|Bluegill|31|4|0.05|5/13/2010|11.68333333
SCS36|Largemouth Bass|16|9.7|0.6|5/13/2010|8.766666667
SEY93|Bluegill|44|5.7|0.15|6/1/2009|16.61666667
SEY93|Largemouth Bass|26|13.5|1.4|6/1/2009|13.63333333
SHP56|Bluegill|69|6.7|0.3|10/19/2005|25.33333333
SHP56|Channel Catfish|2|20.6|3.42|10/19/2005|8.673333333
SHP56|Largemouth Bass|33|6.5|0.17|10/19/2005|13.22333333
SHP56|White Crappie|1|13.2|0.84|10/19/2005|5.013333333
SIL28|Black Crappie|1|6.5|0.14|5/29/2013|2.546666667
SIL28|Bluegill|85|5.4|0.15|5/29/2013|30.18333333
SIL28|Largemouth Bass|54|8.4|0.3|5/29/2013|20.9
SIL28|Northern Pike|5|20.1|1.71|5/29/2013|8.936666667
SIL30|Channel Catfish|99|19.7|2.75|9/9/2011|40.48333333
SIL74|Black Bullhead|35|10.4|0.6|10/14/2012|15.33333333
SIL74|Bigmouth Buffalo|3|21.8|6.55|10/14/2012|10.45
SIL74|Common Carp|31|20.4|5.58|10/14/2012|18.99333333
SIL74|Northern Pike|1|24.4|3.21|10/14/2012|9.536666667
SIL74|Walleye|32|14.6|1.36|10/14/2012|15.98666667
SIL74|White Sucker|24|17|2.32|10/14/2012|14.44
SIL74|Yellow Bullhead|27|9.2|0.41|10/14/2012|12.20333333
SIL74|Yellow Perch|21|8.1|0.25|10/14/2012|9.783333333
SIL98|Black Bullhead|37|8.6|0.36|6/23/2011|15.32
SIL98|Northern Pike|3|22.2|2.72|6/23/2011|9.306666667
SIL98|Yellow Perch|48|6.9|0.16|6/23/2011|18.35333333
SMI43|Black Crappie|2|9.5|0.43|6/12/2012|3.976666667
SMI43|Bluegill|35|6.1|0.16|6/12/2012|13.75333333
SMI43|Channel Catfish|4|18.1|2.34|6/12/2012|8.146666667
SMI43|Flathead Catfish|1|19|2.59|6/12/2012|7.53
SMI43|Largemouth Bass|28|10.9|0.74|6/12/2012|13.21333333
SMI43|White Crappie|15|7.8|0.2|6/12/2012|7.666666667
SMI55|Black Bullhead|1|14.1|1.65|6/12/2014|5.583333333
SMI55|Black Crappie|1|9.9|0.48|6/12/2014|3.793333333
SMI55|Bluegill|4|5.9|0.21|6/12/2014|3.37
SPR07|Black Crappie|2|7.5|0.22|6/19/2013|3.24
SPR07|Bluegill|101|5.7|0.15|6/19/2013|35.61666667
SPR07|Channel Catfish|2|17.2|2.31|6/19/2013|7.17
SPR07|Largemouth Bass|97|11.9|0.86|6/19/2013|36.58666667
SPR37|Black Crappie|4|8.5|0.26|6/13/2012|4.253333333
SPR37|Bluegill|26|4.7|0.09|6/13/2012|10.26333333
SPR37|Channel Catfish|10|11.1|0.46|6/13/2012|7.186666667
SPR37|Common Carp|9|23.3|6.38|6/13/2012|12.89333333
SPR37|Gizzard Shad|4|14.2|1.22|6/13/2012|6.473333333
SPR37|Largemouth Bass|29|9.7|0.48|6/13/2012|13.06
SPR37|White Crappie|12|8.9|0.31|6/13/2012|7.07
SPR37|White Sucker|3|14.7|1.48|6/13/2012|6.393333333
SPR37|Yellow Perch|4|5.8|0.1|6/13/2012|3.3
SPR39|Black Crappie|6|10.4|0.6|6/12/2013|5.666666667
SPR39|Bluegill|51|6.3|0.22|6/12/2013|19.17333333
SPR39|Largemouth Bass|52|11.1|0.68|6/12/2013|21.26
SPR39|Redear Sunfish|39|8.5|0.54|6/12/2013|16.01333333
SRO19|Black Crappie|4|37.9|1.37|9/24/2012|14.42333333
SRO19|Bluegill|47|5.4|0.15|9/24/2012|17.51666667
SRO19|Channel Catfish|1|12.4|0.55|9/24/2012|4.65
SSP96|Black Crappie|13|8.8|0.35|5/19/2009|7.383333333
SSP96|Bluegill|50|5.9|0.18|5/19/2009|18.69333333
SSP96|Largemouth Bass|9|11.5|0.7|5/19/2009|7.066666667
STL11|Channel Catfish|137|16.6|1.77|8/4/2009|51.79
STW13|Northern Pike|16|22.6|2.59|4/24/2012|13.73
SUG89|Bluegill|31|5.8|0.16|10/1/2013|12.32
SUG89|Largemouth Bass|52|12.3|1.19|10/1/2013|21.83
SUG89|Redear Sunfish|4|10.2|0.93|10/1/2013|5.043333333
SUG89|Walleye|59|10.8|0.42|10/1/2013|23.40666667
SUM88|Black Bullhead|8|7.9|0.36|5/21/2014|5.42
SUM88|Black Crappie|2|5.7|0.13|5/21/2014|2.61
SUM88|Bluegill|10|6.4|0.29|5/21/2014|5.563333333
SUM88|Largemouth Bass|46|6|0.21|5/21/2014|17.40333333
SUM88|Yellow Perch|2|6.4|0.15|5/21/2014|2.85
SWA21|Black Bullhead|17|11|0.88|9/8/2009|9.626666667
SWA21|Bluegill|38|6.1|0.24|9/8/2009|14.78
SWA21|Channel Catfish|15|21.6|4.21|9/8/2009|13.60333333
SWA21|Northern Pike|4|23.1|3.23|9/8/2009|10.11
SWA21|Yellow Perch|2|8.7|0.3|9/8/2009|3.666666667
SWA30|Black Bullhead|46|7.5|0.24|6/1/2010|17.91333333
SWA30|Bigmouth Buffalo|1|21|6.87|6/1/2010|9.623333333
SWA30|Common Carp|66|18.7|3.21|6/1/2010|29.30333333
SWA30|White Sucker|1|13.2|1.03|6/1/2010|5.076666667
SWA30|Yellow Bullhead|2|6.6|0.17|6/1/2010|2.923333333
SWA30|Yellow Perch|3|8.9|0.39|6/1/2010|4.096666667
THM88|Channel Catfish|66|19.9|3.04|4/21/2014|29.64666667
THM88|Common Carp|51|23.7|6.88|4/21/2014|27.19333333
THM88|Largemouth Bass|10|16.9|2.56|4/21/2014|9.82
THM88|Muskellunge|4|35.7|10.64|4/21/2014|16.78
THM88|Walleye|5|24.6|5.39|4/21/2014|11.66333333
THM88|White Crappie|2|11.9|1.04|4/21/2014|4.98
THM88|White bass X Striped Bass|55|20.4|4.01|4/21/2014|26.47
THM88|Yellow Bass|4|7.6|0.22|4/21/2014|3.94
THY88|Bluegill|18|4.8|0.09|9/3/2013|7.63
TMI77|Bluegill|43|5.3|0.11|5/5/2014|16.13666667
TMI77|Largemouth Bass|9|11.1|0.89|5/5/2014|6.996666667
TMI88|Black Bullhead|1|15.8|2.31|5/29/2014|6.37
TMI88|Black Crappie|10|8.2|0.39|5/29/2014|6.196666667
TMI88|Bluegill|25|6|0.27|5/29/2014|10.42333333
TMI88|Largemouth Bass|85|14.5|1.56|5/29/2014|33.68666667
TMI88|Walleye|3|9.1|0.24|5/29/2014|4.113333333
TMI88|White Crappie|1|7.6|0.23|5/29/2014|2.943333333
TMI88|Yellow Bullhead|2|11|0.89|5/29/2014|4.63
TMI88|Yellow Perch|10|7.9|0.28|5/29/2014|6.06
TPN41|Black Bullhead|1|10|0.56|5/17/2012|3.853333333
TPN41|Black Crappie|1|11.3|0.65|5/17/2012|4.316666667
TPN41|Bluegill|35|6.1|0.21|5/17/2012|13.77
TPN41|Largemouth Bass|10|9.7|0.47|5/17/2012|6.723333333
TPP45|Black Crappie|1|5.4|0.1|7/21/2008|2.166666667
TPP45|Bluegill|10|5.2|0.11|7/21/2008|5.103333333
TPP45|Channel Catfish|3|18.3|2.13|7/21/2008|7.81
VEN17|Common Carp|51|18|2.71|5/15/2009|23.90333333
VIR74|Black Bullhead|37|8.8|0.4|10/7/2010|15.4
VIR74|Black Crappie|1|5.6|0.11|10/7/2010|2.236666667
VIR74|Bigmouth Buffalo|4|10.7|1.05|10/7/2010|5.25
VIR74|Common Carp|51|9.8|0.74|10/7/2010|20.51333333
VIR74|Orangespotted Sunfish|2|3.5|0.03|10/7/2010|1.843333333
VIR74|White Sucker|2|12.3|0.83|10/7/2010|5.043333333
VIR74|Yellow Bullhead|21|9.5|0.51|10/7/2010|10.33666667
VIR74|Yellow Perch|43|9|0.38|10/7/2010|17.46
WAC80|Black Crappie|1|9.2|0.4|5/23/2014|3.533333333
WAC80|Bluegill|20|7.3|0.37|5/23/2014|9.223333333
WAC80|Largemouth Bass|19|12|1.12|5/23/2014|10.70666667
WAP26|Black Crappie|3|4.9|0.07|9/7/2011|2.656666667
WAP26|Bluegill|27|5.1|0.11|9/7/2011|10.73666667
WAP26|Channel Catfish|3|14.7|1.15|9/7/2011|6.283333333
WAP26|Largemouth Bass|16|9.9|0.77|9/7/2011|8.89
WAP26|Redear Sunfish|3|8.4|0.5|9/7/2011|3.966666667
WHP55|Bluegill|24|6|0.18|7/11/2012|10.06
WHP55|Common Carp|1|23.4|5.71|7/11/2012|10.03666667
WHP55|Largemouth Bass|30|12.3|0.92|7/11/2012|14.40666667
WIL43|Bluegill|13|7.3|0.37|6/11/2013|6.89
WIL43|Largemouth Bass|33|10.8|0.61|6/11/2013|14.80333333
WIL43|Redear Sunfish|15|9.8|0.9|6/11/2013|8.566666667
WIL56|Channel Catfish|1|16.6|1.45|10/30/2008|6.35
WIL56|Largemouth Bass|20|8.6|0.47|10/30/2008|9.69
WIL87|Black Crappie|101|8.6|0.38|9/17/2013|36.66
WIL87|Bluegill|21|6.9|0.26|9/17/2013|9.386666667
WIL87|Largemouth Bass|1|4.3|0.03|9/17/2013|1.776666667
WIL87|Walleye|2|14.5|0.98|9/17/2013|5.826666667
WIL87|White Crappie|1|8.5|0.35|9/17/2013|3.283333333
WIN87|Black Crappie|1|7|0.14|9/17/2013|2.713333333
WIN87|Bluegill|15|6|0.15|9/17/2013|7.05
WIN87|Common Carp|2|22.4|4.83|9/17/2013|9.743333333
WIN87|White Crappie|96|7.7|0.21|9/17/2013|34.63666667
WLE87|Black Crappie|82|8.7|0.4|9/19/2013|30.36666667
WLE87|Bluegill|87|7.4|0.31|9/19/2013|31.57
WLE87|Green Sunfish|1|8.4|0.52|9/19/2013|3.306666667
WLE87|White Crappie|51|9.4|0.45|9/19/2013|20.28333333
WLE87|White Sucker|1|16|1.63|9/19/2013|6.21
WLE87|Yellow Bullhead|2|12.3|0.97|9/19/2013|5.09
WOC98|Bluegill|3|6|0.24|10/5/2010|3.08
WOC98|Largemouth Bass|26|11.1|0.68|10/5/2010|12.59333333
WOK30|Black Bullhead|1|12.6|1.24|10/11/2010|4.946666667
WOK30|Black Crappie|1|4.3|0.04|10/11/2010|1.78
WOK30|Bluegill|1|8.6|0.53|10/11/2010|3.376666667
WOK30|Channel Catfish|1|23.7|5.66|10/11/2010|10.12
WOK30|Freshwater Drum|8|15.5|1.8|10/11/2010|8.433333333
WOK30|Muskellunge|2|35.7|0|10/11/2010|12.56666667
WOK30|Northern Pike|16|22.9|2.49|10/11/2010|13.79666667
WOK30|Pumpkinseed|1|3.9|0|10/11/2010|1.633333333
WOK30|Walleye|39|15.5|1.49|10/11/2010|18.66333333
WOK30|White Bass|2|9.9|0.63|10/11/2010|4.176666667
WOK30|Yellow Perch|9|9.3|0.37|10/11/2010|6.223333333
WOK30|Yellow Bass|71|10.3|0.62|10/11/2010|27.30666667
WOP56|Bluegill|128|3.8|0.06|10/19/2005|43.95333333
WOP56|Channel Catfish|1|19.8|2.58|10/19/2005|7.793333333
WOP56|Largemouth Bass|128|8.8|0.52|10/19/2005|45.77333333
WOP56|Redear Sunfish|38|5.1|0.12|10/19/2005|14.40666667
WOS20|Black Bullhead|3|14.8|2.08|5/30/2014|6.626666667
WOS20|Black Crappie|32|7.7|0.24|5/30/2014|13.31333333
WOS20|Bluegill|45|6.1|0.19|5/30/2014|17.09666667
WOS20|Largemouth Bass|46|13.3|1.35|5/30/2014|20.21666667
WOS20|White Crappie|5|8.4|0.25|5/30/2014|4.55
WPP85|Black Bullhead|5|10.2|0.54|5/10/2011|5.246666667
WPP85|Black Crappie|13|6.4|0.13|5/10/2011|6.51
WPP85|Bluegill|37|5.5|0.13|5/10/2011|14.21
WPP85|Channel Catfish|60|14.5|0.93|5/10/2011|25.14333333
WPP85|Largemouth Bass|12|16.2|2.4|5/10/2011|10.2
WPP85|White Crappie|26|8.5|0.27|5/10/2011|11.59
WSW32|Black Bullhead|47|6.5|0.14|9/14/2009|17.88
WSW32|Black Crappie|9|7.4|0.28|9/14/2009|5.56
WSW32|Bigmouth Buffalo|4|8.7|1.09|9/14/2009|4.596666667
WSW32|Brown Bullhead|67|8.4|0.29|9/14/2009|25.23
WSW32|Common Carp|32|8.3|0.83|9/14/2009|13.71
WSW32|Green Sunfish|3|5.2|0.11|9/14/2009|2.77
WSW32|Northern Pike|8|22.6|2.64|9/14/2009|11.08
WSW32|Orangespotted Sunfish|19|3.6|0.03|9/14/2009|7.543333333
WSW32|Walleye|2|9.7|0.3|9/14/2009|4
WSW32|Yellow Bullhead|27|8|0.27|9/14/2009|11.75666667
WSW32|Yellow Perch|57|7.2|0.18|9/14/2009|21.46
YBA77|Bluegill|34|5.9|0.16|7/21/2009|13.35333333
YBA77|Channel Catfish|1|22.1|2.73|7/21/2009|8.61
YBA77|Largemouth Bass|2|11|0.47|7/21/2009|4.49
YEN54|Bluegill|2|4.4|0.05|6/3/2010|2.15
YEN54|Channel Catfish|3|14.6|0.83|6/3/2010|6.143333333
YEN54|Largemouth Bass|5|9.6|0.38|6/3/2010|4.993333333
YSM24|Bluegill|40|4.1|0.04|9/13/2010|14.71333333
